Tahun,Provinsi,Kabupaten/Kota,Timbulan Sampah Harian(ton),Timbulan Sampah Tahunan(ton)
2024,Jawa Timur,Kab. Pacitan,304.67,111204.15
2024,Jawa Timur,Kab. Ponorogo,383.8,140087.0
2024,Jawa Timur,Kab. Trenggalek,302.44,110391.91
2024,Jawa Timur,Kab. Tulungagung,450.4,164395.27
2024,Jawa Timur,Kab. Blitar,417.0,152206.64
2024,Jawa Timur,Kab. Kediri,673.78,245930.28
2024,Jawa Timur,Kab. Malang,976.0,356238.93
2024,Jawa Timur,Kab. Lumajang,545.7,199180.68
2024,Jawa Timur,Kab. Jember,835.52,304964.95
2024,Jawa Timur,Kab. Banyuwangi,839.1,306270.96
2024,Jawa Timur,Kab. Bondowoso,315.2,115049.02
2024,Jawa Timur,Kab. Situbondo,256.63,93669.45
2024,Jawa Timur,Kab. Probolinggo,465.54,169923.41
2024,Jawa Timur,Kab. Pasuruan,671.39,245057.2
2024,Jawa Timur,Kab. Sidoarjo,878.6,320690.1
2024,Jawa Timur,Kab. Mojokerto,449.64,164117.17
2024,Jawa Timur,Kab. Jombang,530.37,193583.44
2024,Jawa Timur,Kab. Nganjuk,457.8,167098.17
2024,Jawa Timur,Kab. Madiun,295.69,107927.58
2024,Jawa Timur,Kab. Magetan,276.65,100976.23
2024,Jawa Timur,Kab. Ngawi,371.87,135732.55
2024,Jawa Timur,Kab. Bojonegoro,368.03,134329.37
2024,Jawa Timur,Kab. Tuban,528.51,192907.81
2024,Jawa Timur,Kab. Lamongan,554.33,202331.91
2024,Jawa Timur,Kab. Gresik,402.23,146814.53
2024,Jawa Timur,Kab. Bangkalan,417.67,152450.43
2024,Jawa Timur,Kab. Sampang,464.41,169511.29
2024,Jawa Timur,Kab. Pamekasan,280.74,102470.1
2024,Jawa Timur,Kab. Sumenep,364.55,133059.91
2024,Jawa Timur,Kota Kediri,182.28,66532.27
2024,Jawa Timur,Kota Blitar,77.44,28263.78
2024,Jawa Timur,Kota Malang,731.24,266901.57
2024,Jawa Timur,Kota Probolinggo,121.87,44483.65
2024,Jawa Timur,Kota Pasuruan,148.87,54335.88
2024,Jawa Timur,Kota Mojokerto,99.25,36226.07
2024,Jawa Timur,Kota Madiun,124.08,45287.39
2024,Jawa Timur,Kota Surabaya,1810.81,660946.82
2024,Jawa Timur,Kota Batu,144.96,52910.59
